variable,pearson_r,pearson_p_value,spearman_r,spearman_p_value
total_sqft_clean,0.7189023897174108,0.0,0.8141401629100967,0.0
bath,0.5262127223722746,0.0,0.7044293336706564,0.0
bhk,0.47726802104083427,0.0,0.6723426185709935,0.0
balcony,0.13292704153695867,1.6706232941445295e-45,0.2341711766574703,6.415500832807803e-140
