feature,importance
total_sqft_clean,0.7247906894096863
bath,0.070455378314937
location_grouped_encoded,0.07007690863495937
bhk,0.05247323198108479
balcony,0.046813133818519224
area_type_encoded,0.03539065784081333
